1,Toyota,Vios,TRD Sportivo,1.5,1497,AUTO,4,TT,89401.44,97980,2759.5,B,1095,2,EBD,5,4
2,Toyota,Vios,G,1.5,1497,AUTO,4,109ps,85191.82,93380,2629.5,B,1090,2,EBD,5,4
3,Toyota,Vios,E,1.5,1497,AUTO,4,109ps,79850.12,87580,2499.5,B,1075,2,EBD,5,4
4,Toyota,Vios,J,1.5,1497,AUTO,4,TT,74628.76,81880,2343.5,B,1065,2,EBD,5,4
5,Toyota,Vios,J,1.5,1497,MANUAL,5,TT,71035.52,77980,2239.5,B,1050,2,EBD,5,4
6,Toyota,Corolla Altis,V with additional safety package,2,1987,CVT,NA,TT,133837.82,146900,4015.1,B,1300,7,EBD & BA,5,4
7,Toyota,Corolla Altis,V,2,1987,CVT,NA,145ps,126548.65,138900,3807.1,B,1300,2,EBD & BA,5,4
8,Toyota,Corolla Altis,G,1.8,1798,CVT,NA,139ps,112826.67,123900,3417.1,B,1270,2,EBD & BA,5,4
9,Toyota,Corolla Altis,E,1.8,1798,CVT,NA,139ps,110124.48,120900,3339.1,B,1270,2,EBD & BA,5,4
10,Toyota,Camry,Hybrid,2.5,2494,CVT,NA,160PS,159121.24,174900,4724.6,C,1600,7,EBD & BA,5,4
11,Toyota,Camry,G,2,1998,AUTO,6,167PS,150421.76,164900,4457.1,C,1480,2,EBD & BA,5,4
12,Toyota,Camry,E,2,1998,AUTO,6,167PS,141247.8,154900,4197.1,C,1480,2,EBD & BA,5,4
13,Toyota,Avanza,S,1.5,1495,AUTO,4,103PS,76507.9,83980,2395.5,MPV,1160,2,EBD & BA,7,5
14,Toyota,Avanza,G,1.5,1495,AUTO,4,103PS,74380.65,81670,2343.5,MPV,1155,2,EBD,7,5
15,Toyota,Avanza,E,1.5,1495,AUTO,4,103PS,71911.48,78970,2265.5,MPV,1155,2,EBD,7,5
16,Toyota,Avanza,E,1.3,1298,MANUAL,5,91PS,65832.73,72280,2051.8,MPV,1135,2,EBD,7,5
17,Toyota,Innova,G,2,1998,AUTO,4,136PS,105492.82,115980,3235.1,MPV,1615,2,EBD & BA,8,5
18,Toyota,Innova,E,2,1998,AUTO,4,136PS,98625.35,108480,3027.1,MPV,1610,2,EBD & BA,8,5
19,Toyota,Innova,E,2,1998,MANUAL,5,136PS,94484.07,103980,2923.1,MPV,1575,2,EBD & BA,8,5
20,Toyota,Hilux,Double Cab 3.0G TRD Sportivo,3,2982,AUTO,4,163PS,107101.06,118980,3294.6,SUV,1945,2,EBD,5,4
21,Toyota,Hilux,Double Cab 3.0G,3,2982,AUTO,4,163PS,104348.87,115980,3216.6,SUV,1945,2,EBD,5,4
22,Toyota,Hilux,Double Cab 2.5G TRD Sportivo ,2.5,2494,AUTO,4,144PS,100467.96,110980,3112.6,SUV,1885,2,EBD,5,4
23,Toyota,Hilux,Double Cab 2.5G,2.5,2494,AUTO,4,144PS,97715.77,107980,3034.6,SUV,1885,2,EBD,5,4
24,Toyota,Hilux,Double Cab 2.5G,2.5,2494,MANUAL,4,144PS,92201.96,101970,2878.6,SUV,1885,2,NA,5,4
25,Toyota,Hilux,Double Cab 2.5 STD,2.5,2494,MANUAL,5,144PS,83928.83,92980,2670.6,SUV,1885,2,NA,5,4
26,Toyota,Hilux,Single Cab 2.5,2.5,2494,MANUAL,5,144PS,74754.87,82980,2410.6,SUV,1775,2,NA,5,4
27,Toyota,Rush,S,1.5,1495,AUTO,4,109PS,100310.73,109900,3045.5,SUV,1260,2,EBD,7,5
28,Toyota,Rush,G,1.5,1495,AUTO,4,109PS,97558.54,106900,2967.5,SUV,1250,2,EBD,7,5
29,Toyota,Rush,G,1.5,1495,MANUAL,5,109PS,95733.18,104910,2915.5,SUV,1240,2,EBD,7,5
30,Toyota,Fortuner,V TRD SPORTIVO,2.7,2694,AUTO,4,160PS,174242.11,191673.04,5166.6,SUV,1875,2,EBD,7,5
31,Toyota,Fortuner,V,2.7,2694,AUTO,4,160PS,170862.11,187980,5062.6,SUV,1875,2,EBD,7,5
32,Toyota,Fortuner,G TRD SPORTIVO,2.5,2494,AUTO,4,144PS,167200.3,183673.04,4958.6,SUV,1945,2,EBD,7,5
33,Toyota,Fortuner,G,2.5,2494,AUTO,4,144PS,163820.3,179980,4854.6,SUV,1945,2,EBD,7,5
34,Perodua,Axia,Standard E,1,998,MANUAL,5,49kw,TT,24437.16,TT,A,820,2,NA,5,5
35,Perodua,Axia,Standard G,1,998,MANUAL,5,49kw,TT,32127.16,TT,A,820,2,EBD & BA,5,5
36,Perodua,Axia,Standard G,1,998,AUTO,4,49kw,TT,35127.15,TT,A,840,2,EBD & BA,5,5
37,Perodua,Axia,Special Edition,1,998,MANUAL,5,49kw,TT,36637.15,TT,A,830,2,EBD & BA,5,5
38,Perodua,Axia,Special Edition,1,998,AUTO,4,49kw,TT,39637.15,TT,A,850,2,EBD & BA,5,5
39,Perodua,Axia,Advance Version,1,998,AUTO,4,49kw,TT,41967.15,TT,A,850,2,EBD & BA,5,5
40,Perodua,Myvi,Standard G,1.3,1298,MANUAL,5,67KW,NA,40862.16,NA,B,950,2,NA,5,5
41,Perodua,Myvi,Standard G,1.3,1298,AUTO,4,67KW,NA,43862.15,NA,B,960,2,NA,5,5
42,Perodua,Myvi,Premium X,1.3,1298,AUTO,4,67KW,NA,46862.15,NA,B,970,2,EBD & BA,5,5
43,Perodua,Myvi,Premium XS,1.3,1298,AUTO,4,67KW,NA,48862.16,NA,B,970,2,EBD & BA,5,5
44,Perodua,Myvi,Special Edition,1.5,1495,MANUAL,5,76KW,NA,49968.5,NA,B,970,2,EBD & BA,5,5
45,Perodua,Myvi,Special Edition,1.5,1495,AUTO,4,76KW,NA,52968.5,NA,B,980,2,EBD & BA,5,5
46,Perodua,Myvi,Advance Edition,1.5,1495,AUTO,4,76KW,NA,57968.51,NA,B,980,2,EBD & BA,5,5
47,Perodua,Alza,STANDARD SX,1.5,1495,MANUAL,5,104PS,NA,52332,NA,MPV,1125,2,NA,7,5
48,Perodua,Alza,STANDARD EZ,1.5,1495,AUTO,4,104PS,NA,55332,NA,MPV,1125,2,NA,7,5
49,Perodua,Alza,SE SPECIAL EDITION,1.5,1495,MANUAL,5,104PS,NA,56332,NA,MPV,1160,2,EBD & BA,7,5
50,Perodua,Alza,SPECIAL EDITION,1.5,1495,AUTO,4,104PS,NA,59332,NA,MPV,1140,2,EBD & BA,7,5
51,Perodua,Alza,ADVANCED,1.5,1495,AUTO,4,104PS,NA,64931.99,NA,MPV,1160,2,EBD & BA,7,5
52,Honda,Jazz,S,1.5,1497,CVT,NA,120ps,71536.97,73800,2263.03,B,1067,2,EBD & BA,5,5
53,Honda,Jazz,E,1.5,1497,CVT,NA,120ps,78544.05,81000,2455.95,B,1081,2,EBD & BA,5,5
54,Honda,Jazz,V,1.5,1497,CVT,NA,120ps,86723.57,89400,2676.43,B,1088,6,EBD & BA,5,5
55,Honda,City ,S,1.5,1497,CVT,NA,120ps,73781.85,76100,2318.15,B,1075,2,EBD & BA,5,4
56,Honda,City ,S+,1.5,1497,CVT,NA,120ps,76899.17,79300,2400.83,B,1079,2,EBD & BA,5,4
57,Honda,City ,E,1.5,1497,CVT,NA,120ps,82067.37,84600,2538.63,B,1087,2,EBD & BA,5,4
58,Honda,City ,V,1.5,1497,CVT,NA,120ps,89240.89,92000,2759.11,B,1106,6,EBD & BA,5,4
59,Honda,Civic,S,1.8,1798,AUTO,5,141PS,112971.39,116400,3428.61,B,1225,2,EBD & BA,5,4
60,Honda,Civic,S,2,1997,AUTO,5,155ps,124540.67,128300,3759.33,B,1270,4,EBD & BA,5,4
61,Honda,Civic,Navi,2,1997,AUTO,5,155PS,131947.75,135900,3952.25,B,1270,4,EBD & BA,5,4
62,Honda,HR-V,S,1.8,1799,CVT,NA,142PS,98457.23,101500,3042.77,SUV,1239,2,EBD & BA,5,5
63,Honda,HR-V,E,1.8,1799,CVT,NA,142PS,107809.19,111100,3290.81,SUV,1245,2,EBD & BA,5,5
64,Honda,HR-V,V,1.8,1799,CVT,NA,142PS,117933.59,121500,3566.41,SUV,1249,6,EBD & BA,5,5
65,Honda,Accord,Vti,2,1997,AUTO,5,155PS,137009.95,141100,4090.05,C,1510,2,EBD & BA,5,4
66,Honda,Accord,Vti-L,2,1997,AUTO,5,155PS,147906.79,152300,4393.21,C,1530,2,EBD & BA,5,4
67,Honda,Accord,Vti-L,2.4,2356,AUTO,5,175PS,173045.72,178200,5145.28,C,1585,6,EBD & BA,5,4
68,Honda,CR-V,2WD i-VTEC,2,1997,AUTO,5,155PS,138754.83,141900,4117.61,SUV,1490,4,EBD & BA,5,5
69,Honda,CR-V,4WD i-VTEC,2,1997,AUTO,5,155PS,148879.23,153300,4420.77,SUV,1540,4,EBD & BA,5,5
70,Honda,CR-V,4WD i-VTEC,2.4,2354,AUTO,5,190PS,167620.08,172600,4979.92,SUV,1560,6,EBD & BA,5,5
71,Honda,Odyssey,EXV,2.4,2356,CVT,NA,175PS,248287.72,255500,7212.28,MPV,1855,6,EBD & BA,7,5
72,Proton,Saga,PLUS,1.3,1332,MANUAL,5,70KW,29169.77,33242.4,1127.03,B,1048,2,NA,5,4
73,Proton,Saga,PLUS,1.3,1332,CVT,NA,70KW,31787.47,36099.84,1209.71,B,1075,2,NA,5,4
74,Proton,Iriz,STANDARD,1.3,1332,MANUAL,5,70KW,37003.27,39431.86,2257.43,B,1130,2,EBD & BA,5,5
75,Proton,Iriz,STANDARD,1.3,1332,CVT,NA,70KW,39659.22,42247.17,2391.35,B,1150,2,EBD & BA,5,5
76,Proton,Iriz,EXECUTIVE,1.3,1332,MANUAL,5,70KW,40860.79,43520.83,2463.44,B,1138,2,EBD & BA,5,5
77,Proton,Iriz,EXECUTIVE,1.3,1332,CVT,NA,70KW,43507.76,46326.62,2622.26,B,1158,2,EBD & BA,5,5
78,Proton,Iriz,EXECUTIVE,1.6,1597,MANUAL,5,80KW,46411.06,50433.74,2854.74,B,1150,2,EBD & BA,5,5
79,Proton,Iriz,EXECUTIVE,1.6,1597,CVT,NA,80KW,49072.28,53254.63,3014.41,B,1170,2,EBD & BA,5,5
80,Proton,Iriz,PREMIUM,1.6,1597,MANUAL,5,80KW,52131.92,56497.85,3197.99,B,1165,6,EBD & BA,5,5
81,Proton,Iriz,PREMIUM,1.6,1597,CVT,NA,80KW,54767.38,59291.44,3356.12,B,1185,6,EBD & BA,5,5
82,Proton,Suprima S,STANDARD,1.6,1561,CVT,NA,140PS,62569.68,66527.27,3765.69,B,1542,4,EBD,5,5
83,Proton,Suprima S,EXECUTIVE ,1.6,1561,CVT,NA,140PS,66702.1,75748.57,2345.71,B,1542,4,EBD & BA,5,5
84,Proton,Suprima S,PREMIUM,1.6,1561,CVT,NA,140PS,69865.55,76316.12,4319.78,B,1542,4,EBD & BA,5,5
85,Proton,Inspira,EXECUTIVE,1.8,1798,MANUAL,5,103KW,68387.8,77820.34,2436.44,B,1310,2,EBD,5,4
86,Proton,Inspira,EXECUTIVE,2,1998,CVT,NA,110KW,74285.79,84364.94,2629.37,B,1345,2,EBD,5,4
87,Proton,Inspira,PREMIUM,2,1998,CVT,NA,110KW,80915.79,91585.65,2822.28,B,1350,2,EBD,5,4
88,Proton,Preve,EXECUTIVE,1.6,1597,MANUAL,5,80KW,52066.73,57686015,1849.63,B,1305,4,EBD & BA,5,4
89,Proton,Preve,EXECUTIVE,1.6,1597,CVT,NA,80KW,54687.13,60546.46,1932.31,B,1325,4,EBD & BA,5,4
90,Proton,Preve,PREMIUM,1.6,1561,CVT,NA,103KW,62857.6,71557.56,2235.47,B,1340,4,EBD & BA,5,4
91,Proton,Persona,SV,1.6,1597,MANUAL,5,82KW,40121.3,44657.72,1491.35,B,1170,2,EBD,5,4
92,Proton,Persona,SV,1.6,1597,AUTO,4,82KW,42861.97,47645.51,1574.03,B,1195,2,EBD,5,4
93,Proton,Exora,EXECUTIVE,1.6,1561,CVT,NA,103KW,63552.54,65622.65,2070.11,B,1466,2,EBD,7,5
94,Proton,Exora,PREMIUM,1.6,1561,CVT,NA,103kw,71860.44,74618.59,2318.15,B,1480,4,EBD,7,5
95,Proton,Exora,SUPER PREMIUM,1.6,1561,CVT,NA,103KW,77666.92,80590.43,2483.51,B,1486,4,EBD,7,5
96,Nazakia,Picanto,NA,1.2,1248,MANUAL,5,87PS,NA,54888,NA,B,NA,6,EBD & BA,5,5
97,Nazakia,Picanto,NA,1.2,1248,AUTO,4,87PS,61618,61888,NA,B,NA,6,EBD & BA,5,5
98,Nazakia,Rio,SX,1.4,1396,AUTO,4,109PS,81618,81888,NA,B,NA,6,EBD & BA,5,5
99,Nazakia,Rio,SEDAN,1.4,1396,AUTO,4,109PS,72618,72888,NA,B,NA,6,EBD & BA,4,4
100,Nazakia,Cerato,SX,1.6,1591,AUTO,6,130PS,101448,101888,NA,B,NA,6,EBD & BA,5,4
101,Nazakia,Cerato,KX,1.6,1591,AUTO,6,130PS,91448,91888,NA,B,NA,2,EBD & BA,5,4
102,Nazakia,Cerato,SX,1.6,1591,AUTO,6,130PS,101448,101888,NA,B,NA,6,EBD & BA,5,4
103,Nazakia,Cerato,L,2,1999,AUTO,6,161PS,119158.5,119888,NA,B,NA,6,EBD & BA,5,4
104,Nazakia,Optima,L,2,1999,AUTO,6,165PS,150158.5,150888,NA,C,NA,6,EBD & BA,5,4
105,Nazakia,Sportage,L,2,1999,AUTO,6,154PS,139098.4,139888,NA,SUV,NA,6,EBD & BA,5,5
106,Nazakia,Sportage,2WD ,2,1999,AUTO,6,154PS,120098.4,120888,NA,SUV,NA,6,EBD & BA,4,4
107,Nazakia,Sorento,L,2.4,2359,AUTO,4,176PS,158810.8,159888,NA,SUV,NA,6,EBD & BA,7,5
108,Audi,A3,TFSI,1.4,1395,AUTO,7,TT,175766.04,186900,NA,B,1290,7,EBD & BA,5,4
109,Audi,A3,TFSI QUATTRO,1.8,1798,AUTO,6,TT,223540.38,237900,NA,B,1470,7,EBD & BA,5,4
110,Audi,A4,TFSI,1.8,1798,AUTO,8,TT,225428.17,239900,NA,B,1450,6,EBD & BA,5,4
111,Audi,A4,TFSI QUATTRO,2,1984,AUTO,7,TT,293264.15,311900,NA,B,1570,8,EBD & BA,5,4
112,Audi,A5,TFSI QUATTRO,2,1984,AUTO,7,TT,379113.21,402900,NA,B,1570,6,EBD & BA,5,2
113,Audi,A5,SPORTBACK TFSI QUATTRO,2,1984,AUTO,7,TT,336660.38,357900,NA,B,1565,8,EBD & BA,5,4
114,Audi,A6,TFSI,2,1984,AUTO,7,TT,308446.04,327900,NA,B,1540,6,EBD & BA,5,4
115,Audi,A6,TFSI QUATTRO,3,2995,AUTO,7,TT,457655.19,487900,NA,B,1660,8,EBD & BA,5,4
116,Audi,A7,SPORTBACK TFSI QUATTRO,3,2995,AUTO,7,TT,587843.87,625900,NA,B,1770,8,EBD & BA,5,4
117,Audi,A8,TFSI QUATTRO,3,2995,AUTO,8,TT,617089.15,656900,NA,B,2000,8,EBD & BA,5,4
118,Audi,Q3,TFSI,1.4,1395,AUTO,6,TT,205926.42,218900,NA,SUV,1530,6,EBD & BA,5,5
119,Audi,Q3,TFSI QUATTRO,2,1984,AUTO,7,TT,239432.45,254900,NA,SUV,1530,6,EBD & BA,5,5
120,Audi,Q5,TFSI QUATTRO,2,1984,AUTO,8,TT,305470.19,324900,NA,SUV,1730,6,EBD & BA,5,5
121,Audi,Q7,TFSI QUATTRO,3,2995,AUTO,8,TT,554339.62,589900,NA,SUV,2030,8,EBD & BA,7,5
122,Audi,TT,TFSI,2,1984,AUTO,6,TT,269679.25,286900,NA,B,1360,6,EBD & BA,4,2
123,Audi,TTS,TFSI QUATTRO,2,1984,AUTO,6,TT,369679.25,392900,NA,B,1360,6,EBD & BA,4,2
124,Audi,R8,FSI QUATTRO,5.2,5204,AUTO,7,TT,1163381.13,1245900,NA,B,1620,4,EBD & BA,2,2
125,Hyundai,i10,EPSILON,1.1,1086,AUTO,4,69PS,51234.07,51234.07,NA,B,NA,2,EBD,5,5
126,Hyundai,i10,KAPPA,1.2,1248,AUTO,4,87PS,55223.83,55223.83,NA,B,NA,2,EBD,5,5
127,Hyundai,Elantra,GAMMA EX,1.6,1591,AUTO,6,130PS,92288.47,92288.47,NA,B,NA,2,EBD & BA,5,4
128,Hyundai,Elantra,GAMMA EX SPORT,1.6,1591,AUTO,6,130PS,98288,98288,NA,B,NA,2,EBD & BA,5,4
129,Hyundai,Elantra,GAMMA EX PLUS,1.6,1591,AUTO,6,130PS,93348.47,93348.47,NA,B,NA,2,EBD & BA,5,4
130,Hyundai,Elantra,GAMMA PREMIUM,1.6,1591,AUTO,6,130PS,101554.66,101554.66,NA,B,NA,6,EBD & BA,5,4
131,Hyundai,Elantra,NU PREMIUM,1.8,1797,AUTO,6,150PS,118794.04,118794.04,NA,B,NA,6,EBD & BA,5,4
132,Hyundai,Veloster,PREMIUM,1.6,1591,AUTO,6,132PS,135461.13,135461.13,NA,B,NA,2,EBD & BA,4,3
133,Hyundai,Veloster Turbo,GAMMA T-GDI,1.6,1591,AUTO,7,186PS,154437.49,154437.49,NA,B,NA,6,EBD & BA,5,3
134,Hyundai,Veloster Turbo,GAMMA T-GDI SPORT,1.6,1591,AUTO,7,186PS,158127.25,158127.25,NA,B,NA,6,EBD & BA,5,3
135,Hyundai,Sonata,NU ELEGANCE B,2,1999,AUTO,6,154PS,139295.24,139295.24,NA,B,NA,2,EBD & BA,5,4
136,Hyundai,Sonata,NU ELEGANCE,2,1999,AUTO,6,154PS,147522.52,147522.52,NA,B,NA,6,EBD & BA,5,4
137,Hyundai,Sonata,NU EXECUTIVE,2,1999,AUTO,6,154PS,153510.03,153510.03,NA,B,NA,6,EBD & BA,5,4
138,Hyundai,Genesis,LAMBDA,3.8,3778,AUTO,8,315PS,388921.52,388921.52,NA,A,NA,6,EBD & BA,5,4
139,Hyundai,Tucson,NU ELEGANCE,2,1999,AUTO,6,158PS,129990.87,129990.87,NA,SUV,NA,2,EBD & BA,5,5
140,Hyundai,Tucson,NU EXECUTIVE,2,1999,AUTO,6,158PS,142632.6,142632.6,NA ,SUV,NA,6,EBD & BA,5,5
141,Hyundai,Santa Fe,THETA II ELEGANCE,2.4,2359,AUTO,6,176PS,167735.65,167735.65,NA,SUV,NA,2,EBD & BA,7,5
142,Hyundai,Santa Fe,THETA II PREMIUM,2.4,2359,AUTO,6,176PS,189429.32,189429.32,NA,SUV,NA,6,EBD & BA,7,5
143,Hyundai,Santa Fe,R CRDi ELEGANCE,2.2,2199,AUTO,6,197PS,181385.32,181385.32,NA,SUV,NA,2,EBD & BA,7,5
144,Hyundai,Santa Fe,R CRDi PREMIUM,2.2,2199,AUTO,6,197PS,201134.11,201134.11,NA,SUV,NA,6,EBD & BA,7,5
145,Hyundai,Starex Royale,A CRDI ROYALE,2.5,2497,AUTO,5,170PS,157228.35,157228.35,NA,VAN,NA,2,EBD & BA,11,5
146,Hyundai,Starex Royale,A CRDI ROYALE PREMIUM,2.5,2497,AUTO,5,170PS,167925.19,167925.19,NA,VAN,NA,2,EBD & BA,11,5
147,Hyundai,Starex Royale,A CRDi ROYALE DELUXE,2.5,2497,AUTO,5,170PS,177677.15,177677.15,NA,VAN,NA,2,EBD & BA,11,5
148,Ford,Fiesta,ECOBOOST,1,998,AUTO,6,125PS,NA,94700,NA,B,NA,2,EBD & BA,5,5
149,Ford,Fiesta,SPORT,1.5,1498,AUTO,6,112PS,NA,85500,NA,B,NA,2,EBD & BA,5,5
150,Ford,Fiesta,TITANIUM,1.5,1498,AUTO,6,112PS,NA,85500,NA,B,NA,2,EBD & BA,5,5
151,Ford,Fiesta ST,ECOBOOST,1,998,AUTO,6,125PS,NA,94700,NA,B,NA,2,EBD & BA,5,3
152,Ford,Fiesta ST,SPORT,1.5,1498,AUTO,6,112PS,NA,85500,NA,B,NA,2,EBD & BA,5,3
153,Ford,Fiesta ST,TITANIUM,1.5,1498,AUTO,6,112PS,NA,85500,NA,B,NA,2,EBD & BA,5,3
154,Ford,Focus,SPORT+,2,1999,AUTO,6,170PS,NA,126100,NA,B,NA,6,EBD & BA,5,5
155,Ford,Focus,SPORT,2,1999,AUTO,6,170PS,NA,113550,NA,B,NA,4,EBD & BA,5,5
156,Ford,Focus,TITANIUM+,2,1999,AUTO,6,170PS,NA,126100,NA,B,NA,6,EBD & BA,5,4
157,Ford,Focus,TITANIUM,2,1999,AUTO,6,170PS,NA,113550,NA,B,NA,4,EBD & BA,5,4
158,Ford,Focus ST,SPORT+,2,1999,AUTO,6,170PS,NA,126100,NA,B,NA,6,EBD & BA,5,5
159,Ford,Focus ST,SPORT,2,1999,AUTO,6,170PS,NA,113550,NA,B,NA,4,EBD & BA,5,5
160,Ford,Focus ST,TITANIUM+,2,1999,AUTO,6,170PS,NA,126100,NA,B,NA,6,EBD & BA,5,5
161,Ford,Focus ST,TITANIUM,2,1999,AUTO,6,170PS,NA,113550,NA,B,NA,4,EBD & BA,5,5
162,Ford,S-Max,ECOBOOST,2,1999,AUTO,6,240PS,NA,193200,NA,MPV,1676,9,EBD & BA,7,5
163,Ford,Mondeo,ECOBOOST,2,1999,AUTO,6,132KW,NA,198000,NA,B,1562,7,EBD & BA,5,4
164,Ford,Ecosport,TITANIUM,1.5,NA,AUTO,6,NA,NA,100800,NA,SUV,NA,7,EBD & BA,5,5
165,Ford,Ecosport,TREND,1.5,NA,AUTO,6,NA,NA,90100,NA,SUV,NA,7,EBD & BA,5,5
166,Ford,Kuga,ECOBOOST,1.5,1499,AUTO,6,180PS,NA,164888,NA,SUV,1682,6,EBD & BA,5,5
167,Volkswagen,Polo Sedan,MPI,1.6,1598,AUTO,6,105PS,91888,91888,NA,B,1730,2,EBD & BA,5,4
168,Volkswagen,Polo,MPI,1.6,1598,AUTO,6,105PS,89888,89888,NA,B,1570,2,EBD & BA,5,5
169,Volkswagen,Golf,TSI,1.4,1395,AUTO,7,140PS,163888,163888,NA,C,1800,7,EBD & BA,5,5
170,Volkswagen,Golf GTI,TSI,2,1984,AUTO,6,220PS,217888,217888,NA,C,1840,7,EBD & BA,5,3
171,Volkswagen,Golf R,TSI,2,1984,AUTO,6,280PS,251888,251888,NA,C,1980,7,EBD & BA,5,5
172,Volkswagen,Jetta,TSI,1.4,1390,AUTO,7,160PS,134888,134888,NA,D,1920,6,EBD & BA,5,4
173,Volkswagen,Jetta,CLUB EDITION,1.4,1390,AUTO,7,160PS,122888,122888,NA,D,1920,6,EBD & BA,5,4
174,Volkswagen,Jetta,SPORTS EDITION,1.4,1390,AUTO,7,160PS,126888,126888,NA,D,1920,6,EBD & BA,5,4
175,Volkswagen,Cross Touran,TSI,1.4,1390,AUTO,7,140PS,169888,169888,NA,MPV,2160,6,EBD & BA,7,5
176,Volkswagen,Beetle,TSI DESIGN,1.2,1197,AUTO,7,105PS,135888,135888,NA,C,1780,4,EBD & BA,4,2
177,Volkswagen,Beetle,TSI SPORT,1.2,1197,AUTO,7,105PS,140888,140888,NA,C,1780,4,EBD & BA,4,2
178,Volkswagen,Beetle Club,TSI,1.2,1197,AUTO,7,105PS,152888,152888,NA,C,1780,4,EBD & BA,4,2
179,Volkswagen,Scirocco,TSI,1.4,1390,AUTO,7,160PS,193888,193888,NA,C,1730,6,EBD & BA,5,3
180,Volkswagen,Scirocco R,TSI,2,1984,AUTO,6,255PS,289888,289888,NA,C,1790,6,EBD & BA,5,3
181,Volkswagen,Tiguan,TSI,1.4,1390,AUTO,6,160PS,178888,178888,NA,SUV,2120,6,EBD & BA,5,5
182,Volkswagen,Passat,TSI,1.8,1798,AUTO,7,160PS,173888,173888,NA,D,2050,6,EBD & BA,5,4
183,Volkswagen,Volkswagen CC,TSI,1.8,1798,AUTO,7,160PS,233888,233888,NA,D,1980,6,EBD & BA,5,4
184,Volkswagen,Volkswagen CC,TSI SPORT,1.8,1798,AUTO,7,160PS,252888,252888,NA,D,1980,6,EBD & BA,5,4
185,BMW,1 series,118i SPORT,1.5,1499,AUTO,8,100KW,188360,188800,NA,B,1395,6,EBD & BA,5,5
186,BMW,2 series,120i M SPORT,2,1997,AUTO,8,130KW,219360,219800,NA,B,1395,6,EBD & BA,5,5
187,BMW,2 series,220i COUPE,2,1997,AUTO,8,135KW,257071.5,257800,NA,B,1440,6,EBD & BA,2,5
188,BMW,2 series,218i ACTIVE TOURER,1.5,1499,AUTO,6,100KW,218360,218800,NA,B,1435,6,EBD & BA,5,5
189,BMW,2 series,220i GRAN TOURER,2,1998,AUTO,8,141KW,279071,279800,NA,B,1440,6,EBD & BA,5,5
190,BMW,3 series,318i,1.6,1598,AUTO,8,100KW,208360,208800,NA,C,1480,6,EBD & BA,5,4
191,BMW,3 series,320i SPORT,1.6,1598,AUTO,8,135KW,238071,238800,NA,C,1495,6,EBD & BA,5,4
192,BMW,3 series,320d M SPORT,1.6,1598,AUTO,8,135KW,267072.5,267800,NA,C,1505,6,EBD & BA,5,4
193,BMW,3 series,320d GRAN TURISMO,1.6,1598,AUTO,8,135KW,296072.5,296800,NA,C,1650,6,EBD & BA,5,4
194,BMW,3 series,330i M SPORT,1.6,1598,AUTO,8,185KW,308071,308800,NA,C,1530,6,EBD & BA,5,4
195,BMW,M,M3,3,2979,AUTO,7,317KW,728372.5,730800,NA,C,1635,6,EBD & BA,5,4
196,BMW,4 series,420i COUPE,2,1997,AUTO,8,135kw,297071.5,297800,NA,C,1525,6,EBD & BA,4,2
197,BMW,4 series,428i coupe sport,2,1997,AUTO,8,180kw,356071.5,356800,NA,C,1545,6,EBD & BA,4,2
198,BMW,4 series,435i coupe m sport,2,1997,AUTO,8,225kw,515372.5,517800,NA,C,1600,6,EBD & BA,4,2
199,BMW,4 series,428i gran coupe,2,1997,AUTO,8,180kw,387071.5,387800,NA,C,1605,6,EBD & BA,4,4
200,BMW,4 series,428i convertible,2,1997,AUTO,8,180KW,421071.5,421800,NA,C,1775,6,EBD & BA,4,2
201,BMW,M,M4 COUPE,2,1997,AUTO,7,317KW,738372.5,740800,NA,C,1612,6,EBD & BA,4,2
202,BMW,5 series,520d sport,2,1995,AUTO,8,140KW,354072.5,354800,NA,C,1690,6,EBD & BA,5,4
203,BMW,5 series,520i,2,1997,AUTO,8,135KW,367071.5,367800,NA,C,1705,6,EBD & BA,5,4
204,BMW,5 series,528i m sport,2,1997,AUTO,8,180KW,417071.5,417800,NA,C,1700,6,EBD & BA,5,4
205,BMW,M,M5,4.4,4395,AUTO,7,412KW,881042.5,889800,NA,C,1945,6,EBD & BA,5,4
206,BMW,6 series,640i gran coupe,3,2979,AUTO,8,235KW,786372.5,788800,NA,C,1850,6,EBD & BA,4,2
207,BMW,7 series,730Li,3,2996,AUTO,8,190kw,698071,698800,NA,C,1865,6,EBD & BA,4,4
208,BMW,7 series,740Li,3,2979,AUTO,8,235kw,816372.5,818800,NA,C,1920,6,EBD & BA,4,4
209,BMW,XI,XI sDrive20i,2,1997,AUTO,8,141kw,279010.8,279800,NA,C,1585,6,EBD & BA,5,5
210,BMW,X3,X3 xDrive20i,2,1997,AUTO,8,135kw,325011.2,325800,NA,SUV,1810,6,EBD & BA,5,5
211,BMW,X3,X3 xDrive20d,2,1995,AUTO,8,140KW,345012,345800,NA,SUV,1820,6,EBD & BA,5,5
212,BMW,X4,X4 xDrive28i,2,1997,AUTO,8,180KW,435011.2,435800,NA,C,1845,6,EBD & BA,5,4
213,BMW,X5,X5 xDrive35i,3,2979,AUTO,8,225KW,573843.6,573800,NA,C,2105,6,EBD & BA,5,4
214,BMW,X5,X5 xDrive30d,3,2993,AUTO,8,190KW,531821.2,533800,NA,C,2145,6,EBD & BA,5,4
215,BMW,X6,X6 xDrive35i M Sport,3,2979,AUTO,8,225KW,664843.6,666800,NA,C,2100,6,EBD & BA,5,4
216,BMW,X6,X6 M,4.4,4395,AUTO,8,423KW,1234578,1238800,NA,C,2352,6,EBD & BA,5,4
217,BMW,Z4,Z4 sDrive20i,2,1997,AUTO,8,135KW,359071.5,359800,NA,C,1495,4,EBD & BA,2,2
218,BMW,Z4,Z4 sDrive28i M Sport,2,1997,AUTO,8,180KW,487071.5,487800,NA,C,1495,4,EBD & BA,2,2
219,BMW,BMW i,i8,1.5,1499,AUTO,6,266KW,1188360,1188800,NA,C,1567,6,EBD & BA,4,2
220,Mazda,Mazda2,SKYACTIV,1.5,1496,AUTO,6,NA,76698.11,89952.05,2093.75,B,1056,2,EBD & BA,5,4
221,Mazda,Mazda3,SKYACTIV  CBU,2,1998,AUTO,6,NA,135158.3,139193.23,4034.95,B,1292,6,EBD & BA,5,4
222,Mazda,Mazda3,SKYACTIV CKD,2,1998,AUTO,6,NA,95849.06,108940.99,3235.69,B,1292,6,EBD & BA,5,4
223,Mazda,Mazda5,SKYACTIV,2,1998,AUTO,6,NA,143207.55,157549.51,4531.01,MPV,1535,2,EBD & BA,7,5
224,Mazda,Mazda6,SKYACTIV-G,2,1998,AUTO,6,NA,143396.22,163854.67,4696.37,B,1393,6,EBD & BA,5,4
225,Mazda,Mazda6,SKYACTIV-G,2.5,2488,AUTO,6,NA,169811.32,194647.3,5696.48,B,1444,6,EBD & BA,5,4
226,Mazda,Mazda6 ,TOURING SKYACTIV,2.5,2488,AUTO,6,NA,172641.51,204481.58,5834.28,B,1506,6,EBD & BA,5,4
227,Mazda,Mazda8,NA,2.3,2260,AUTO,5,120KW,176226.42,195486.78,5558.68,MPV,1780,6,EBD & BA,7,5
228,Mazda,MX-5,SKYACTIV-G,2,1998,AUTO,6,NA,206453.3,206453.3,6377.53,B,1080,4,EBD & BA,2,2
229,Mazda,CX5,SKYACTIV-G (GL),2,1997,AUTO,6,114KW,114716.98,129552.39,3786.89,SUV,1522,6,EBD & BA,5,5
230,Mazda,CX5,SKYACTIV-G 2WD HIGH,2,1997,AUTO,6,114KW,125094.34,143938.23,4172.73,SUV,1522,6,EBD & BA,5,5
231,Mazda,CX5,SKYACTIV-G 4WD,2,1997,AUTO,6,113KW,134528.3,154213.83,4448.33,SUV,1589,6,EBD & BA,5,5
232,Mazda,CX9,FL 4WD,3.7,3726,AUTO,6,NA,306415.09,337748.9,9368,SUV,2063,6,EBD & BA,7,5
233,Mazda,CX9,FL 2WD,3.7,3726,AUTO,6,NA,268679.25,296646.51,8265.6,SUV,1966,6,EBD & BA,7,5
234,Mazda,BT50,MANUAL HIGH,2.2,2198,MANUAL,6,150PS,75000,89589.75,2712.05,SUV,2091,2,EBD & BA,5,4
235,Mazda,BT50,AUTO HIGH,2.2,2198,AUTO,6,150PS,79716.98,94755.1,2877.4,SUV,2111,2,EBD & BA,5,4
236,Mazda,BT50,HIGH,3.2,3198,AUTO,6,200PS,89150.94,106485.8,3249.7,SUV,2111,2,EBD & BA,5,4
237,Mazda,Biante,NA,2,1998,AUTO,6,NA,130660.38,150056.6,4338.1,MPV,1664,2,EBD & BA,8,5
238,Peugeot,208,5-DOOR,1.6,1598,AUTO,4,NA,82992.05,85888,2455.95,B,NA,6,EBD & BA,5,5
239,Peugeot,208,3-DOOR,1.6,1598,AUTO,4,NA,92744,95888,2704,B,NA,6,EBD & BA,5,3
240,Peugeot,208,GTI,1.6,1598,AUTO,4,NA,135641.6,139888,3806.4,B,NA,6,EBD & BA,5,3
241,Peugeot,2008,URBAN SUV,1.6,1598,AUTO,4,NA,116107.7,119888,3310.3,SUV,NA,6,EBD & BA,5,5
242,Peugeot,308,THP,1.6,1598,AUTO,4,NA,132503.81,136888,3944.19,B,NA,6,EBD & BA,5,5
243,Peugeot,3008,SUV,1.6,1598,AUTO,6,NA,153895.05,158888,4522.95,SUV,NA,6,EBD & BA,7,5
244,Peugeot,408,2,2,1997,AUTO,6,NA,106061.6,109888,3097.9,B,NA,2,EBD & BA,5,4
245,Peugeot,408,TURBO TE,1.6,1598,AUTO,6,NA,124917.21,128888,3530.79,B,NA,6,EBD & BA,5,4
246,Peugeot,508,THP,1.6,1598,AUTO,6,NA,174346.29,179888,5101.71,C,NA,6,EBD & BA,5,4
247,Peugeot,508,SW THP,1.6,1598,AUTO,6,NA,184070.69,189888,5377.31,C,NA,6,EBD & BA,5,4
248,Peugeot,508,GTI,2.2,2179,AUTO,6,NA,201097.55,207888,5881.45,C,NA,6,EBD & BA,5,4
249,Peugeot,5008,MPV,1.6,1598,AUTO,6,NA,159759.69,164888,4330.31,MPV,NA,6,EBD & BA,7,5
250,Volvo,S60,NA,1.6,1596,AUTO,6,NA,NA,221888,NA,C,1486,6,EBD & BA,5,4
251,Volvo,V40,T4,1.6,1596,AUTO,6,132KW,NA,175888,NA,B,1513,7,EBD & BA,5,5
252,Volvo,V40,T5,2,1984,AUTO,6,157KW,NA,190888,NA,B,1521,7,EBD & BA,5,5
253,Volvo,V40,CROSS COUNTRY T5,2,1984,AUTO,6,NA,NA,202888,NA,B,1540,7,EBD & BA,5,5
254,Volvo,XC60,T5,2,1969,AUTO,6,NA,288160.4,288888,NA,SUV,1794,6,EBD & BA,7,5
255,Volvo,XC60,T6,2,1969,AUTO,6,NA,318160.4,318888,NA,SUV,1808,6,EBD & BA,7,5
256,Volvo,XC90,NA,2,1969,AUTO,8,NA,NA,288888,NA,SUV,2343,7,EBD & BA,7,5
257,Mercedes,A-Class,A 200 BLUEEFFIECIENCY,1.6,1595,AUTO,4,115KW,185328.3,196888,NA,B,1395,8,EBD & BA,5,5
258,Mercedes,A-Class,A 250 SPORT,2,1991,AUTO,4,155KW,222794.81,236888,NA,B,1445,8,EBD & BA,5,5
259,Mercedes,A-Class,A 45 AMG 4MATIC,2,1991,AUTO,4,265kw,323738.21,343888,NA,B,1555,8,EBD & BA,5,5
260,Mercedes,B-Class,B 200 SPORTS TOURER,1.6,1595,AUTO,4,115KW,206083.02,218888,NA,B,1425,7,EBD & BA,5,5
261,Mercedes,C-Class,C 200 AVANTGARDE,2,1991,AUTO,7,135KW,253926.89,269888,NA,B,1465,7,EBD & BA,5,4
262,Mercedes,C-Class,C 250 AMG,2,1991,AUTO,7,155KW,282228.77,300463,NA,B,1480,7,EBD & BA,5,4
263,Mercedes,CLA,200,1.6,1595,AUTO,7,115KW,220234,231888,NA,B,1430,7,EBD & BA,5,4
264,Mercedes,CLA,45 AMG 4MATIC,2,1991,AUTO,7,265KW,373738.21,396888,NA,B,1585,7,EBD & BA,5,4
265,Mercedes,CLS,350 COUPE,3.5,3498,AUTO,7,225KW,710534.91,757888,NA,B,1735,11,EBD & BA,5,4
266,Mercedes,E,250,2,1991,AUTO,7,155KW,380341.98,403888,NA,C,1680,8,EBD & BA,5,4
267,Mercedes,E,200,2,1991,AUTO,7,135KW,343549.53,364888,NA,C,1655,8,EBD & BA,5,4
268,Mercedes,E,300 BLUETEC HYBRID,2.2,2143,AUTO,7,150KW,318882.08,338888,NA,C,1845,8,EBD & BA,5,4
269,Mercedes,E,400,3,2996,AUTO,7,245KW,460771.7,490888,NA,C,1785,8,EBD & BA,5,4
270,Mercedes,GLA,200,1.6,1595,AUTO,7,115KW,223064.15,236888,NA,SUV,1395,6,EBD & BA,7,5
271,Mercedes,GLA,250,2,1991,AUTO,7,155KW,251096.7,266888,NA,SUV,1505,6,EBD & BA,5,5
272,Mercedes,GLA,45 AMG,2,1991,AUTO,7,265KW,353926.89,375888,NA,SUV,1585,6,EBD & BA,5,5
273,Mercedes,S-Class,400 L HYBRID,3.5,3498,AUTO,7,225KW,560534.91,598888,NA,C,1945,10,EBD & BA,5,4
274,Mercedes,SLK,200,1.8,1796,AUTO,7,135KW,460259.6,460888,NA,B,1470,6,EBD & BA,2,2
275,Mercedes,SLK,55 AMG,5.5,5461,AUTO,7,310KW,844333.5,857888,NA,B,1610,6,EBD & BA,2,2
276,Mercedes,AMG GT,S,4,3982,AUTO,7,340KW,NA,1150000,NA,B,1615,8,EBD & BA,2,2
277,Mercedes,AMG GT,S EDITION 1,4,3982,AUTO,7,375KW,NA,120000,NA,B,1645,8,EBD & BA,2,2
278,Mitsubishi,Mirage,NA,1.2,1193,CVT,NA,78PS,63485.65,65749.6,2008.95,B,850,2,EBD,5,5
279,Mitsubishi,Attrage,GS,1.2,1193,CVT,NA,80PS,70750.31,77590,2339.67,B,905,2,EBD & BA,5,4
280,Mitsubishi,Lancer GTE,NA,2,1998,CVT,NA,150ps,111959.46,123000,3593.97,B,1310,3,EBD & BA,5,4
281,Mitsubishi,Asx,4wd,2,1998,CVT,NA,150PS,121020.22,132880,3869.57,SUV,1475,3,EBD & BA,5,5
282,Mitsubishi,Asx,2WD,2,1998,CVT,NA,150PS,108245.01,118980,3511.29,SUV,1375,3,EBD & BA,5,5
283,Mitsubishi,Asx,2WD-GL,2,1998,CVT,NA,150PS,99071.05,108980,3235.69,SUV,1375,3,EBD & BA,5,5
284,Mitsubishi,Pajero,SPORT VGT,2.5,2477,AUTO,5,178PS,168438.98,185000,5283.08,SUV,2040,6,EBD & BA,7,5
285,Mitsubishi,Triton,VGT ADVENTURE,2.5,2477,AUTO,5,178PS,108378.87,119600,3546.8,SUV,1850,2,EBD & BA,5,4
286,Mitsubishi,Triton,VGT,2.5,2477,AUTO,5,178PS,97370.11,107600,3216.08,SUV,1850,2,EBD & BA,5,4
287,Mitsubishi,Triton,VGT,2.5,2477,MANUAL,5,178PS,91299.7,101000,3050.72,SUV,1835,2,EBD,5,4
288,Mitsubishi,Triton,M/T,2.5,2477,MANUAL,5,136PS,81019.66,89800,2747.56,SUV,1820,2,EBD,5,4
289,Mitsubishi,Triton,QUEST M/T,2.5,2477,MANUAL,5,110PS,67258.72,74800,2334.16,SUV,1590,2,EBD,5,4
290,Nissan,Teana,XV,2.5,2488,CVT,NA,173PS,162699.65,167514.21,4814.56,B,1517,6,EBD & BA,5,4
291,Nissan,Teana,XL,2,1997,CVT,NA,136PS,143318.84,147601.81,4282.97,B,1456,6,EBD & BA,5,4
292,Nissan,Teana,XE,2,1997,CVT,NA,136PS,133284.55,137291.92,4007.37,B,1447,6,EBD & BA,5,4
293,Nissan,Sylphy,E,1.8,1798,CVT,NA,131PS,111900,115301.05,3401.05,B,1255,6,EBD & BA,5,4
294,Nissan,Sylphy,VL,1.8,1798,CVT,NA,131PS,121900,125576.65,3676.65,B,1265,6,EBD & BA,5,4
295,Nissan,Almera,E,1.5,1498,MANUAL,5,102PS,64765.12,66835.23,2070.11,B,1020,1,EBD & BA,5,4
296,Nissan,Almera,E,1.5,1498,AUTO,4,102PS,67678.36,69831.15,2152.79,B,1035,1,EBD & BA,5,4
297,Nissan,Almera,V,1.5,1498,AUTO,4,102PS,74475.89,76821.6,2345.71,B,1045,2,EBD & BA,5,4
298,Nissan,Almera,VL,1.5,1498,AUTO,4,102PS,77389.12,79817.51,2428.39,B,1045,2,EBD & BA,5,4
299,Nissan,Grand Livina,L,1.6,1598,MANUAL,5,126PS,83974.92,86596.23,2621.31,MPV,1220,2,EBD & BA,7,5
300,Nissan,Grand Livina,L,1.6,1598,AUTO,4,105PS,87024.4,89728.39,2703.99,MPV,1245,2,EBD & BA,7,5
301,Nissan,Grand Livina,L,1.8,1798,AUTO,4,105PS,96574.42,99562.07,2987.65,MPV,1280,2,EBD & BA,7,5
302,Nissan,X-TRAIL,L,2,1997,CVT,NA,144PS,136976.96,141067.01,4090.05,SUV,1541,2,EBD & BA,7,5
303,Nissan,X-TRAIL,L,2.5,2488,CVT,NA,171PS,159164.06,163895.94,4731.88,SUV,1612,2,EBD & BA,7,5
